Set,KL Divergence
Set(4)1,0.06768451645871576
Set(4)2,0.05060801424790033
Set(4)3,0.05060801424790033
Set(4)4,0.07533126702240116
Set(4)5,0.009219373638160236
Set(4)6,0.05160349658882114
Set(4)7,-0.0098282142785848
Set(4)8,0.06371569713302568
